{
  "soundset_name": "answer",
  "soundset_filename": "answer.wav",
  "sounds": {
    "0": {
      "filename":"yes.wav",
      "image": "",
      "description": ""
    },
    "1": {
      "filename":"no.wav",
      "image": "",
      "description": ""
    },
    "2": {
      "filename":"",
      "image": "",
      "description": ""
    },
    "3": {
      "filename":"",
      "image": "",
      "description": ""
    },
    "4": {
      "filename":"",
      "image": "",
      "description": ""
    },
    "5": {
      "filename":"",
      "image": "",
      "description": ""
    },
    "6": {
      "filename":"",
      "image": "",
      "description": ""
    },
    "7": {
      "filename":"",
      "image": "",
      "description": ""
    },
    "8": {
      "filename":"",
      "image": "",
      "description": ""
    },
    "9": {
      "filename":"",
      "image": "",
      "description": ""
    },
    "10": {
      "filename":"",
      "image": "",
      "description": ""
    },
    "11": {
      "filename":"",
      "image": "",
      "description": ""
    }
  }
}
